nGene	nUMI	orig.ident	hash_maxID	hash_secondID	hash_margin	hto_classification	hto_classification_global	hash_ID
2430	8032	SeuratProject	Antibody5	Antibody1	2.6739664598647	Antibody5	Singlet	Antibody5
4315	20942	SeuratProject	Antibody5	Antibody1	4.72760392011879	Antibody5	Singlet	Antibody5
2320	7683	SeuratProject	Antibody5	Antibody1	2.87292255514607	Antibody5	Singlet	Antibody5
3492	13471	SeuratProject	Antibody2	Antibody1	0.935857716271597	Antibody2	Singlet	Antibody2
7430	53442	SeuratProject	Antibody2	Antibody5	1.44637406976459	Antibody2	Singlet	Antibody2
5542	28868	SeuratProject	Antibody2	Antibody1	1.16825530464291	Antibody2	Singlet	Antibody2
4162	15550	SeuratProject	Antibody1	Antibody5	2.04045788022812	Antibody1	Singlet	Antibody1
3277	14717	SeuratProject	Antibody1	Antibody5	1.9713961478187	Antibody1	Singlet	Antibody1
3688	14088	SeuratProject	Antibody2	Antibody5	0.896237304123291	Antibody2	Singlet	Antibody2
4021	22133	SeuratProject	Antibody1	Antibody5	1.77993151954176	Antibody1	Singlet	Antibody1
3041	8207	SeuratProject	Antibody1	Antibody5	4.42331235927467	Antibody1	Singlet	Antibody1
2448	7696	SeuratProject	Antibody5	Antibody1	2.62260119332866	Antibody5	Singlet	Antibody5
3091	13793	SeuratProject	Antibody1	Antibody5	2.70304969755194	Antibody1	Singlet	Antibody1
2446	8481	SeuratProject	Antibody5	Antibody1	2.38557965534048	Antibody5	Singlet	Antibody5
6031	31146	SeuratProject	Antibody2	Antibody1	1.46903616543684	Antibody2	Singlet	Antibody2
3289	14302	SeuratProject	Antibody1	Antibody5	2.64346772476216	Antibody1	Singlet	Antibody1
6702	33052	SeuratProject	Antibody2	Antibody5	1.15964945950833	Antibody2	Singlet	Antibody2
3731	16119	SeuratProject	Antibody5	Antibody1	2.96875640084988	Antibody5	Singlet	Antibody5
5123	29768	SeuratProject	Antibody5	Antibody2	3.54270877348116	Antibody5	Singlet	Antibody5
3884	18150	SeuratProject	Antibody5	Antibody2	0.500868615690018	Antibody5	Singlet	Antibody5
2040	7064	SeuratProject	Antibody5	Antibody1	1.86294976072019	Antibody5	Singlet	Antibody5
2945	9173	SeuratProject	Antibody1	Antibody5	3.04994519927196	Antibody1	Singlet	Antibody1
4684	20900	SeuratProject	Antibody1	Antibody2	2.21259797031009	Antibody1	Singlet	Antibody1
5209	31718	SeuratProject	Antibody2	Antibody5	0.927534851489401	Antibody2	Singlet	Antibody2
6015	33320	SeuratProject	Antibody2	Antibody5	1.00076582854648	Antibody2	Singlet	Antibody2
3697	16976	SeuratProject	Antibody2	Antibody1	0.828460204762318	Antibody2	Singlet	Antibody2
3264	11060	SeuratProject	Antibody2	Antibody5	1.21433858579873	Antibody2	Singlet	Antibody2
4251	15078	SeuratProject	Antibody2	Antibody5	0.622674193476938	Antibody2	Singlet	Antibody2
2293	7632	SeuratProject	Antibody5	Antibody1	2.85667687881575	Antibody5	Singlet	Antibody5
3131	10774	SeuratProject	Antibody2	Antibody5	0.731908454935261	Antibody2	Singlet	Antibody2
7481	62049	SeuratProject	Antibody2	Antibody5	1.06013349100085	Antibody2	Singlet	Antibody2
4075	17984	SeuratProject	Antibody5	Antibody1	2.72147497728876	Antibody5	Singlet	Antibody5
2820	9672	SeuratProject	Antibody1	Antibody5	2.4917014264679	Antibody1	Singlet	Antibody1
3594	10398	SeuratProject	Antibody1	Antibody2	4.02774354753304	Antibody1	Singlet	Antibody1
7866	64717	SeuratProject	Antibody2	Antibody1	2.22904119053862	Antibody2	Singlet	Antibody2
5339	21820	SeuratProject	Antibody2	Antibody5	0.699422128401897	Antibody2	Singlet	Antibody2
2833	9961	SeuratProject	Antibody1	Antibody5	2.30803032417081	Antibody1	Singlet	Antibody1
6671	46516	SeuratProject	Antibody2	Antibody5	1.05952043202474	Antibody2	Singlet	Antibody2
9200	113869	SeuratProject	Antibody2	Antibody5	2.48027397613934	Antibody2	Singlet	Antibody2
5565	27734	SeuratProject	Antibody1	Antibody2	2.22697858903906	Antibody1	Singlet	Antibody1
2576	9330	SeuratProject	Antibody5	Antibody1	2.5450953887603	Antibody5	Singlet	Antibody5
2765	8367	SeuratProject	Antibody5	Antibody1	0.768226125070802	Antibody5	Singlet	Antibody5
2869	8992	SeuratProject	Antibody1	Antibody2	0.498586753631109	Antibody1	Singlet	Antibody1
3654	25049	SeuratProject	Antibody1	Antibody5	3.65619901282213	Antibody1	Singlet	Antibody1
3207	13049	SeuratProject	Antibody5	Antibody1	3.25511946648088	Antibody5	Singlet	Antibody5
5527	28331	SeuratProject	Antibody2	Antibody1	0.893114640041563	Antibody2	Singlet	Antibody2
6916	45002	SeuratProject	Antibody2	Antibody5	1.47850510579735	Antibody2	Singlet	Antibody2
6356	41511	SeuratProject	Antibody2	Antibody1	1.13959498607366	Antibody2	Singlet	Antibody2
3158	11487	SeuratProject	Antibody2	Antibody5	0.487438691968902	Antibody2	Singlet	Antibody2
7178	44240	SeuratProject	Antibody2	Antibody5	1.34133570299487	Antibody2	Singlet	Antibody2
7331	48148	SeuratProject	Antibody2	Antibody5	1.40759730650878	Antibody2	Singlet	Antibody2
2139	10123	SeuratProject	Antibody1	Antibody5	3.09139520291024	Antibody1	Singlet	Antibody1
4821	18916	SeuratProject	Antibody2	Antibody5	0.473665844365383	Antibody2	Singlet	Antibody2
7840	56945	SeuratProject	Antibody2	Antibody5	1.93816712813748	Antibody2	Singlet	Antibody2
2849	12084	SeuratProject	Antibody1	Antibody5	3.29859462807162	Antibody1	Singlet	Antibody1
4640	31460	SeuratProject	Antibody1	Antibody5	1.75177772483868	Antibody1	Singlet	Antibody1
4455	22493	SeuratProject	Antibody2	Antibody5	0.988981179954068	Antibody2	Singlet	Antibody2
3404	15000	SeuratProject	Antibody2	Antibody1	0.953349946965148	Antibody2	Singlet	Antibody2
3817	14396	SeuratProject	Antibody1	Antibody5	3.51609263229156	Antibody1	Singlet	Antibody1
8129	69250	SeuratProject	Antibody2	Antibody5	1.90301883235299	Antibody2	Singlet	Antibody2
4498	18623	SeuratProject	Antibody1	Antibody2	3.29651176198551	Antibody1	Singlet	Antibody1
6651	47166	SeuratProject	Antibody2	Antibody1	1.56120386754481	Antibody2	Singlet	Antibody2
3459	16887	SeuratProject	Antibody5	Antibody1	2.58706662375726	Antibody5	Singlet	Antibody5
6819	52255	SeuratProject	Antibody2	Antibody5	1.25224040047707	Antibody2	Singlet	Antibody2
3159	15145	SeuratProject	Antibody5	Antibody1	1.61468155053675	Antibody5	Singlet	Antibody5
4533	14799	SeuratProject	Antibody1	Antibody5	2.10490174139949	Antibody1	Singlet	Antibody1
3979	14091	SeuratProject	Antibody1	Antibody5	3.57419413118069	Antibody1	Singlet	Antibody1
4716	18749	SeuratProject	Antibody1	Antibody5	3.27406505391339	Antibody1	Singlet	Antibody1
2622	9971	SeuratProject	Antibody5	Antibody1	2.789969893955	Antibody5	Singlet	Antibody5
3542	9041	SeuratProject	Antibody2	Antibody5	0.800350933783803	Antibody2	Singlet	Antibody2
5613	29990	SeuratProject	Antibody1	Antibody2	4.75226217798365	Antibody1	Singlet	Antibody1
3874	12023	SeuratProject	Antibody2	Antibody5	0.687061923855936	Antibody2	Singlet	Antibody2
3442	14023	SeuratProject	Antibody2	Antibody5	0.837163141059254	Antibody2	Singlet	Antibody2
3552	11217	SeuratProject	Antibody1	Antibody5	2.54493115954625	Antibody1	Singlet	Antibody1
8198	56704	SeuratProject	Antibody2	Antibody5	1.38780423814336	Antibody2	Singlet	Antibody2
6121	36065	SeuratProject	Antibody2	Antibody5	0.946869811148708	Antibody2	Singlet	Antibody2
5793	29426	SeuratProject	Antibody2	Antibody1	0.940567208028946	Antibody2	Singlet	Antibody2
2220	8614	SeuratProject	Antibody5	Antibody1	2.46130882641512	Antibody5	Singlet	Antibody5
5771	31974	SeuratProject	Antibody2	Antibody1	0.979419372846191	Antibody2	Singlet	Antibody2
3148	14254	SeuratProject	Antibody5	Antibody1	3.09162365432179	Antibody5	Singlet	Antibody5
3956	12302	SeuratProject	Antibody2	Antibody5	0.721173841050034	Antibody2	Singlet	Antibody2
2169	7044	SeuratProject	Antibody1	Antibody5	0.225650701810573	Antibody1	Singlet	Antibody1
4226	21550	SeuratProject	Antibody2	Antibody1	0.731499439911999	Antibody2	Singlet	Antibody2
3690	19100	SeuratProject	Antibody2	Antibody1	1.64325316634172	Antibody2	Singlet	Antibody2
2011	7460	SeuratProject	Antibody5	Antibody1	1.2565237284766	Antibody5	Singlet	Antibody5
7973	86061	SeuratProject	Antibody2	Antibody1	2.02922757981521	Antibody2	Singlet	Antibody2
3593	16264	SeuratProject	Antibody5	Antibody1	2.58848502279164	Antibody5	Singlet	Antibody5
3656	11911	SeuratProject	Antibody2	Antibody1	0.922893309879388	Antibody2	Singlet	Antibody2
2186	7371	SeuratProject	Antibody1	Antibody5	3.22850132108389	Antibody1	Singlet	Antibody1
4463	19087	SeuratProject	Antibody2	Antibody5	0.950461971675508	Antibody2	Singlet	Antibody2
3597	9685	SeuratProject	Antibody2	Antibody1	0.913586596912465	Antibody2	Singlet	Antibody2
6766	57634	SeuratProject	Antibody5	Antibody1	5.159863735708	Antibody5	Singlet	Antibody5
3525	11064	SeuratProject	Antibody1	Antibody5	3.41199308273156	Antibody1	Singlet	Antibody1
2945	7504	SeuratProject	Antibody1	Antibody5	1.62014603774948	Antibody1	Singlet	Antibody1
3113	12620	SeuratProject	Antibody1	Antibody5	2.11028892374539	Antibody1	Singlet	Antibody1
3284	11930	SeuratProject	Antibody1	Antibody5	0.685910433056592	Antibody1	Singlet	Antibody1
2922	14788	SeuratProject	Antibody1	Antibody2	2.89355643507275	Antibody1	Singlet	Antibody1
8103	69748	SeuratProject	Antibody2	Antibody5	2.07642392244771	Antibody2	Singlet	Antibody2
2606	8845	SeuratProject	Antibody1	Antibody5	1.76533395936907	Antibody1	Singlet	Antibody1
2532	9687	SeuratProject	Antibody1	Antibody5	2.38292298090876	Antibody1	Singlet	Antibody1
2252	9784	SeuratProject	Antibody1	Antibody5	2.33036953021566	Antibody1	Singlet	Antibody1
3318	11290	SeuratProject	Antibody1	Antibody5	2.3383614726861	Antibody1	Singlet	Antibody1
7243	48735	SeuratProject	Antibody2	Antibody5	1.24005375387559	Antibody2	Singlet	Antibody2
5367	25370	SeuratProject	Antibody2	Antibody5	0.988213184405865	Antibody2	Singlet	Antibody2
6523	38030	SeuratProject	Antibody2	Antibody1	1.40260900819153	Antibody2	Singlet	Antibody2
4078	18921	SeuratProject	Antibody1	Antibody5	3.62232437681812	Antibody1	Singlet	Antibody1
5409	25089	SeuratProject	Antibody2	Antibody5	0.86207335232208	Antibody2	Singlet	Antibody2
4185	14942	SeuratProject	Antibody2	Antibody1	1.78509150535971	Antibody2	Singlet	Antibody2
4384	23615	SeuratProject	Antibody5	Antibody1	3.63725775039852	Antibody5	Singlet	Antibody5
3404	12297	SeuratProject	Antibody5	Antibody1	3.54797464484411	Antibody5	Singlet	Antibody5
2406	7559	SeuratProject	Antibody2	Antibody5	1.09503229637561	Antibody2	Singlet	Antibody2
5099	25913	SeuratProject	Antibody2	Antibody5	0.766530125579646	Antibody2	Singlet	Antibody2
4188	21784	SeuratProject	Antibody5	Antibody1	3.91939405926161	Antibody5	Singlet	Antibody5
2638	10042	SeuratProject	Antibody1	Antibody2	0.196456340773181	Antibody1	Singlet	Antibody1
2076	7498	SeuratProject	Antibody5	Antibody1	1.23849992219643	Antibody5	Singlet	Antibody5
3810	13776	SeuratProject	Antibody2	Antibody1	0.859249092435326	Antibody2	Singlet	Antibody2
3184	8134	SeuratProject	Antibody1	Antibody5	4.11624371044204	Antibody1	Singlet	Antibody1
3968	16676	SeuratProject	Antibody5	Antibody2	0.737447320037099	Antibody5	Singlet	Antibody5
5425	25432	SeuratProject	Antibody2	Antibody1	1.32685549879166	Antibody2	Singlet	Antibody2
4864	23184	SeuratProject	Antibody2	Antibody5	0.879412957831284	Antibody2	Singlet	Antibody2
6514	40067	SeuratProject	Antibody2	Antibody5	1.16128872906153	Antibody2	Singlet	Antibody2
6014	34554	SeuratProject	Antibody2	Antibody5	1.11314927437032	Antibody2	Singlet	Antibody2
3123	12151	SeuratProject	Antibody5	Antibody2	2.51453122562582	Antibody5	Singlet	Antibody5
2595	10702	SeuratProject	Antibody5	Antibody1	2.89236535457721	Antibody5	Singlet	Antibody5
3551	13345	SeuratProject	Antibody1	Antibody5	2.30353388248098	Antibody1	Singlet	Antibody1
6539	35698	SeuratProject	Antibody2	Antibody1	1.37891627375254	Antibody2	Singlet	Antibody2
3528	18667	SeuratProject	Antibody1	Antibody5	3.44904753054515	Antibody1	Singlet	Antibody1
3378	12058	SeuratProject	Antibody5	Antibody1	2.0052439676626	Antibody5	Singlet	Antibody5
2262	7588	SeuratProject	Antibody5	Antibody1	1.8237129753063	Antibody5	Singlet	Antibody5
2792	11508	SeuratProject	Antibody1	Antibody5	2.22452640672907	Antibody1	Singlet	Antibody1
1968	8239	SeuratProject	Antibody1	Antibody5	2.88708041454819	Antibody1	Singlet	Antibody1
6107	30863	SeuratProject	Antibody2	Antibody5	1.16779394960873	Antibody2	Singlet	Antibody2
5745	34063	SeuratProject	Antibody2	Antibody5	0.582038453012686	Antibody2	Singlet	Antibody2
2754	9933	SeuratProject	Antibody5	Antibody2	1.86848824171255	Antibody5	Singlet	Antibody5
3237	14995	SeuratProject	Antibody1	Antibody5	3.70539662467544	Antibody1	Singlet	Antibody1
3666	13087	SeuratProject	Antibody5	Antibody2	2.47334523897969	Antibody5	Singlet	Antibody5
4123	17701	SeuratProject	Antibody1	Antibody5	3.00955283060671	Antibody1	Singlet	Antibody1
3537	13636	SeuratProject	Antibody5	Antibody1	3.29893223911359	Antibody5	Singlet	Antibody5
2916	9973	SeuratProject	Antibody5	Antibody2	1.44175375650399	Antibody5	Singlet	Antibody5
3588	15094	SeuratProject	Antibody5	Antibody1	2.97753880420869	Antibody5	Singlet	Antibody5
6844	43003	SeuratProject	Antibody2	Antibody1	1.3253076410071	Antibody2	Singlet	Antibody2
5242	26365	SeuratProject	Antibody2	Antibody1	2.02511970504944	Antibody2	Singlet	Antibody2
5693	34037	SeuratProject	Antibody2	Antibody5	0.877551093043907	Antibody2	Singlet	Antibody2
4188	15385	SeuratProject	Antibody5	Antibody2	1.82382927927702	Antibody5	Singlet	Antibody5
3921	14400	SeuratProject	Antibody2	Antibody1	0.584164461250473	Antibody2	Singlet	Antibody2
3800	13866	SeuratProject	Antibody5	Antibody2	3.34635251687928	Antibody5	Singlet	Antibody5
4558	20574	SeuratProject	Antibody2	Antibody1	0.828281457619712	Antibody2	Singlet	Antibody2
6152	40533	SeuratProject	Antibody2	Antibody5	1.78946670771422	Antibody2	Singlet	Antibody2
6744	46708	SeuratProject	Antibody2	Antibody5	1.43498985208178	Antibody2	Singlet	Antibody2
4165	15227	SeuratProject	Antibody1	Antibody2	2.17978578289882	Antibody1	Singlet	Antibody1
4894	19024	SeuratProject	Antibody2	Antibody5	1.08160787189722	Antibody2	Singlet	Antibody2
2720	12648	SeuratProject	Antibody1	Antibody5	3.94476574620674	Antibody1	Singlet	Antibody1
3867	16206	SeuratProject	Antibody2	Antibody5	0.883334594476447	Antibody2	Singlet	Antibody2
3328	11001	SeuratProject	Antibody1	Antibody5	2.31975252821509	Antibody1	Singlet	Antibody1
3358	11352	SeuratProject	Antibody1	Antibody2	2.07559033641117	Antibody1	Singlet	Antibody1
3533	12059	SeuratProject	Antibody2	Antibody1	0.669560205118897	Antibody2	Singlet	Antibody2
2876	7375	SeuratProject	Antibody1	Antibody5	3.3719218562488	Antibody1	Singlet	Antibody1
3768	14952	SeuratProject	Antibody1	Antibody5	2.95447410297558	Antibody1	Singlet	Antibody1
3821	14229	SeuratProject	Antibody2	Antibody1	1.18543554702391	Antibody2	Singlet	Antibody2
4619	18073	SeuratProject	Antibody2	Antibody1	0.528097635196738	Antibody2	Singlet	Antibody2
7194	70723	SeuratProject	Antibody2	Antibody5	0.492626646223847	Antibody2	Singlet	Antibody2
3750	14201	SeuratProject	Antibody2	Antibody1	0.576141570779927	Antibody2	Singlet	Antibody2
4641	26626	SeuratProject	Antibody5	Antibody1	3.39386345468751	Antibody5	Singlet	Antibody5
8852	100313	SeuratProject	Antibody2	Antibody5	2.98025777397493	Antibody2	Singlet	Antibody2
7318	67994	SeuratProject	Antibody5	Antibody1	5.26153077101457	Antibody5	Singlet	Antibody5
4166	20118	SeuratProject	Antibody5	Antibody1	2.35353188663403	Antibody5	Singlet	Antibody5
2500	8019	SeuratProject	Antibody2	Antibody1	0.864235430383832	Antibody2	Singlet	Antibody2
2285	8985	SeuratProject	Antibody5	Antibody1	3.37946143819834	Antibody5	Singlet	Antibody5
5231	27830	SeuratProject	Antibody2	Antibody5	1.24553802649216	Antibody2	Singlet	Antibody2
3101	10971	SeuratProject	Antibody5	Antibody1	1.73700921159079	Antibody5	Singlet	Antibody5
8442	85876	SeuratProject	Antibody2	Antibody5	1.68508909849126	Antibody2	Singlet	Antibody2
5737	37091	SeuratProject	Antibody2	Antibody5	0.86912483484886	Antibody2	Singlet	Antibody2
6612	42079	SeuratProject	Antibody2	Antibody5	0.782342295594087	Antibody2	Singlet	Antibody2
2871	13083	SeuratProject	Antibody5	Antibody1	2.99305407113202	Antibody5	Singlet	Antibody5
3135	11520	SeuratProject	Antibody1	Antibody5	2.95056114204813	Antibody1	Singlet	Antibody1
3655	13645	SeuratProject	Antibody2	Antibody1	0.589339104270134	Antibody2	Singlet	Antibody2
2781	9718	SeuratProject	Antibody5	Antibody2	2.83020134460412	Antibody5	Singlet	Antibody5
4488	19614	SeuratProject	Antibody2	Antibody1	0.912847649100037	Antibody2	Singlet	Antibody2
4718	21414	SeuratProject	Antibody2	Antibody5	1.1706439772801	Antibody2	Singlet	Antibody2
3550	14689	SeuratProject	Antibody2	Antibody5	1.03643457122867	Antibody2	Singlet	Antibody2
6733	48141	SeuratProject	Antibody2	Antibody5	1.56027011459021	Antibody2	Singlet	Antibody2
2555	9680	SeuratProject	Antibody1	Antibody5	2.88971750959249	Antibody1	Singlet	Antibody1
4213	15747	SeuratProject	Antibody1	Antibody5	2.03715600646907	Antibody1	Singlet	Antibody1
4700	18323	SeuratProject	Antibody2	Antibody5	1.02783506199939	Antibody2	Singlet	Antibody2
6142	34327	SeuratProject	Antibody1	Antibody5	3.37910477492189	Antibody1	Singlet	Antibody1
2840	13862	SeuratProject	Antibody1	Antibody5	3.7761100075666	Antibody1	Singlet	Antibody1
5593	35800	SeuratProject	Antibody2	Antibody5	1.4115596026605	Antibody2	Singlet	Antibody2
2819	8949	SeuratProject	Antibody1	Antibody2	2.4608696615331	Antibody1	Singlet	Antibody1
7466	52262	SeuratProject	Antibody2	Antibody5	1.74730092127553	Antibody2	Singlet	Antibody2
8378	81400	SeuratProject	Antibody2	Antibody5	1.90170602616131	Antibody2	Singlet	Antibody2
2243	7529	SeuratProject	Antibody5	Antibody1	2.39748474193242	Antibody5	Singlet	Antibody5
4849	26323	SeuratProject	Antibody5	Antibody1	3.69867615055779	Antibody5	Singlet	Antibody5
2530	9729	SeuratProject	Antibody2	Antibody1	0.896174420697043	Antibody2	Singlet	Antibody2
3319	18878	SeuratProject	Antibody5	Antibody1	1.94585904069013	Antibody5	Singlet	Antibody5
4794	24195	SeuratProject	Antibody5	Antibody1	2.18261303917102	Antibody5	Singlet	Antibody5
2282	7391	SeuratProject	Antibody5	Antibody1	3.8630872462337	Antibody5	Singlet	Antibody5
1995	6965	SeuratProject	Antibody1	Antibody5	2.85488504908638	Antibody1	Singlet	Antibody1
3573	13121	SeuratProject	Antibody2	Antibody5	0.651951068548285	Antibody2	Singlet	Antibody2
4518	19158	SeuratProject	Antibody1	Antibody2	1.32741296490453	Antibody1	Singlet	Antibody1
5946	31992	SeuratProject	Antibody2	Antibody1	1.3255753585064	Antibody2	Singlet	Antibody2
6675	43943	SeuratProject	Antibody2	Antibody5	1.59146269553601	Antibody2	Singlet	Antibody2
4630	16074	SeuratProject	Antibody5	Antibody2	0.868447770043009	Antibody5	Singlet	Antibody5
6541	71009	SeuratProject	Antibody2	Antibody5	2.78324107062392	Antibody2	Singlet	Antibody2
6464	42780	SeuratProject	Antibody2	Antibody5	1.14756024007894	Antibody2	Singlet	Antibody2
2408	6982	SeuratProject	Antibody1	Antibody5	0.569643651305376	Antibody1	Singlet	Antibody1
7213	60577	SeuratProject	Antibody2	Antibody5	1.7395181180483	Antibody2	Singlet	Antibody2
4977	24252	SeuratProject	Antibody2	Antibody5	0.943806314603535	Antibody2	Singlet	Antibody2
2826	10938	SeuratProject	Antibody5	Antibody1	3.11014963804672	Antibody5	Singlet	Antibody5
2578	11676	SeuratProject	Antibody1	Antibody5	2.69189570994159	Antibody1	Singlet	Antibody1
4146	17103	SeuratProject	Antibody1	Antibody2	0.0600686830756603	Antibody1	Singlet	Antibody1
2907	14577	SeuratProject	Antibody1	Antibody5	3.22254532841386	Antibody1	Singlet	Antibody1
3078	9269	SeuratProject	Antibody1	Antibody2	0.361300598457356	Antibody1	Singlet	Antibody1
2505	8279	SeuratProject	Antibody1	Antibody5	3.20575861012191	Antibody1	Singlet	Antibody1
6274	39988	SeuratProject	Antibody2	Antibody5	1.22394475928732	Antibody2	Singlet	Antibody2
3293	10407	SeuratProject	Antibody2	Antibody1	1.47057944740806	Antibody2	Singlet	Antibody2
7326	66284	SeuratProject	Antibody1	Antibody5	4.3216431580874	Antibody1	Singlet	Antibody1
3011	8575	SeuratProject	Antibody5	Antibody2	0.364348346942157	Antibody5	Singlet	Antibody5
4078	25666	SeuratProject	Antibody1	Antibody5	2.59784939325157	Antibody1	Singlet	Antibody1
4018	19091	SeuratProject	Antibody1	Antibody2	3.98393697300527	Antibody1	Singlet	Antibody1
2379	8670	SeuratProject	Antibody5	Antibody1	2.5530322394386	Antibody5	Singlet	Antibody5
5641	26062	SeuratProject	Antibody2	Antibody5	1.51940920582106	Antibody2	Singlet	Antibody2
3889	13360	SeuratProject	Antibody1	Antibody5	2.66831962147466	Antibody1	Singlet	Antibody1
3713	12358	SeuratProject	Antibody1	Antibody5	3.79900507715859	Antibody1	Singlet	Antibody1
6389	45345	SeuratProject	Antibody2	Antibody5	1.16915093473235	Antibody2	Singlet	Antibody2
5466	34645	SeuratProject	Antibody2	Antibody5	0.754221139540649	Antibody2	Singlet	Antibody2
3862	14161	SeuratProject	Antibody2	Antibody5	0.881913570999992	Antibody2	Singlet	Antibody2
2943	6959	SeuratProject	Antibody2	Antibody5	1.30151568666084	Antibody2	Singlet	Antibody2
4286	14472	SeuratProject	Antibody2	Antibody5	0.81873553603524	Antibody2	Singlet	Antibody2
4518	19866	SeuratProject	Antibody1	Antibody2	0.0636752888749417	Antibody1	Singlet	Antibody1
5754	32028	SeuratProject	Antibody2	Antibody1	0.959022317142384	Antibody2	Singlet	Antibody2
4390	20150	SeuratProject	Antibody1	Antibody5	3.01172740785518	Antibody1	Singlet	Antibody1
7096	51660	SeuratProject	Antibody2	Antibody5	1.12738715476854	Antibody2	Singlet	Antibody2
7131	35784	SeuratProject	Antibody2	Antibody5	1.68260056778222	Antibody2	Singlet	Antibody2
3716	18424	SeuratProject	Antibody5	Antibody1	2.29708569056083	Antibody5	Singlet	Antibody5
4310	13243	SeuratProject	Antibody2	Antibody5	0.51310481712782	Antibody2	Singlet	Antibody2
3399	10999	SeuratProject	Antibody2	Antibody5	0.952096592977197	Antibody2	Singlet	Antibody2
3123	10743	SeuratProject	Antibody5	Antibody2	0.866194656794233	Antibody5	Singlet	Antibody5
6107	47631	SeuratProject	Antibody2	Antibody5	0.694161841847053	Antibody2	Singlet	Antibody2
3010	13670	SeuratProject	Antibody1	Antibody5	3.17224657280856	Antibody1	Singlet	Antibody1
2658	9926	SeuratProject	Antibody2	Antibody5	0.797446724753687	Antibody2	Singlet	Antibody2
5199	40475	SeuratProject	Antibody1	Antibody5	5.03779167209673	Antibody1	Singlet	Antibody1
2155	8891	SeuratProject	Antibody1	Antibody5	3.04504932359461	Antibody1	Singlet	Antibody1
4235	18389	SeuratProject	Antibody2	Antibody1	0.480881290714682	Antibody2	Singlet	Antibody2
5839	32764	SeuratProject	Antibody1	Antibody5	3.8576458345609	Antibody1	Singlet	Antibody1
7225	48279	SeuratProject	Antibody2	Antibody5	1.6237758495026	Antibody2	Singlet	Antibody2
3694	10552	SeuratProject	Antibody2	Antibody5	0.731270091744642	Antibody2	Singlet	Antibody2
4183	17736	SeuratProject	Antibody1	Antibody5	2.34992053756527	Antibody1	Singlet	Antibody1
7887	77287	SeuratProject	Antibody2	Antibody5	1.38628395254297	Antibody2	Singlet	Antibody2
4507	20833	SeuratProject	Antibody2	Antibody5	1.14308845094625	Antibody2	Singlet	Antibody2
5252	28718	SeuratProject	Antibody1	Antibody2	0.309783294764631	Antibody1	Singlet	Antibody1
6201	38100	SeuratProject	Antibody5	Antibody1	4.04049780894916	Antibody5	Singlet	Antibody5
2264	7767	SeuratProject	Antibody1	Antibody5	2.20420684147849	Antibody1	Singlet	Antibody1
4517	21387	SeuratProject	Antibody2	Antibody5	0.700388056597064	Antibody2	Singlet	Antibody2
5026	20577	SeuratProject	Antibody2	Antibody5	1.22473264923785	Antibody2	Singlet	Antibody2
3579	12536	SeuratProject	Antibody2	Antibody5	0.372812449072738	Antibody2	Singlet	Antibody2
3809	13436	SeuratProject	Antibody2	Antibody1	0.893200183056643	Antibody2	Singlet	Antibody2
5246	24032	SeuratProject	Antibody2	Antibody5	1.13843408316179	Antibody2	Singlet	Antibody2
3626	13721	SeuratProject	Antibody2	Antibody1	1.37892826518229	Antibody2	Singlet	Antibody2
5119	26852	SeuratProject	Antibody5	Antibody1	4.09057686355852	Antibody5	Singlet	Antibody5
7663	67893	SeuratProject	Antibody2	Antibody1	2.469267664185	Antibody2	Singlet	Antibody2
5855	26123	SeuratProject	Antibody1	Antibody5	3.71348107291044	Antibody1	Singlet	Antibody1
4903	27004	SeuratProject	Antibody2	Antibody1	1.00964284319298	Antibody2	Singlet	Antibody2
7771	59702	SeuratProject	Antibody2	Antibody1	2.4136130934639	Antibody2	Singlet	Antibody2
2888	12073	SeuratProject	Antibody1	Antibody5	2.74078445321437	Antibody1	Singlet	Antibody1
5383	27575	SeuratProject	Antibody1	Antibody2	1.82458373016823	Antibody1	Singlet	Antibody1
2678	9670	SeuratProject	Antibody1	Antibody5	2.45763921755128	Antibody1	Singlet	Antibody1
2239	9332	SeuratProject	Antibody1	Antibody5	3.37012991455867	Antibody1	Singlet	Antibody1
4874	23863	SeuratProject	Antibody2	Antibody1	1.01718162123024	Antibody2	Singlet	Antibody2
2619	12420	SeuratProject	Antibody1	Antibody5	2.86535205398813	Antibody1	Singlet	Antibody1
2943	14185	SeuratProject	Antibody5	Antibody1	2.92776555318403	Antibody5	Singlet	Antibody5
6574	43757	SeuratProject	Antibody2	Antibody1	1.31705789300486	Antibody2	Singlet	Antibody2
3314	8818	SeuratProject	Antibody5	Antibody1	2.00997312630216	Antibody5	Singlet	Antibody5
5240	27121	SeuratProject	Antibody2	Antibody5	0.953952133669066	Antibody2	Singlet	Antibody2
2227	7752	SeuratProject	Antibody1	Antibody5	3.11454682412076	Antibody1	Singlet	Antibody1
4919	26631	SeuratProject	Antibody2	Antibody5	0.50820176998292	Antibody2	Singlet	Antibody2
5007	27836	SeuratProject	Antibody1	Antibody2	1.3327806582534	Antibody1	Singlet	Antibody1
2906	10414	SeuratProject	Antibody1	Antibody5	3.22278921164239	Antibody1	Singlet	Antibody1
3829	12866	SeuratProject	Antibody2	Antibody5	1.09608837063211	Antibody2	Singlet	Antibody2
3119	11038	SeuratProject	Antibody1	Antibody5	2.14487404480184	Antibody1	Singlet	Antibody1
4273	17381	SeuratProject	Antibody2	Antibody5	1.04391390597389	Antibody2	Singlet	Antibody2
8131	81903	SeuratProject	Antibody2	Antibody5	1.69303875778155	Antibody2	Singlet	Antibody2
3002	10966	SeuratProject	Antibody1	Antibody5	2.72787281122951	Antibody1	Singlet	Antibody1
2753	7129	SeuratProject	Antibody2	Antibody5	0.933045388530008	Antibody2	Singlet	Antibody2
3885	19151	SeuratProject	Antibody1	Antibody5	2.97554653208479	Antibody1	Singlet	Antibody1
5963	35947	SeuratProject	Antibody2	Antibody1	1.00138307906257	Antibody2	Singlet	Antibody2
3740	13978	SeuratProject	Antibody1	Antibody5	2.32828028970799	Antibody1	Singlet	Antibody1
3688	17052	SeuratProject	Antibody1	Antibody2	1.25722765417496	Antibody1	Singlet	Antibody1
4614	21210	SeuratProject	Antibody2	Antibody1	0.844383309286319	Antibody2	Singlet	Antibody2
3595	18862	SeuratProject	Antibody5	Antibody1	2.86314751203761	Antibody5	Singlet	Antibody5
4716	23173	SeuratProject	Antibody2	Antibody5	0.781025931228452	Antibody2	Singlet	Antibody2
2200	8038	SeuratProject	Antibody5	Antibody1	1.14786622111595	Antibody5	Singlet	Antibody5
3094	8740	SeuratProject	Antibody1	Antibody5	2.25015987999617	Antibody1	Singlet	Antibody1
3279	10593	SeuratProject	Antibody2	Antibody5	0.852954486823213	Antibody2	Singlet	Antibody2
2828	11283	SeuratProject	Antibody1	Antibody5	3.07248822974033	Antibody1	Singlet	Antibody1
6608	43783	SeuratProject	Antibody2	Antibody5	1.69480368456577	Antibody2	Singlet	Antibody2
3122	10660	SeuratProject	Antibody1	Antibody5	3.43462091634932	Antibody1	Singlet	Antibody1
2802	8772	SeuratProject	Antibody1	Antibody2	2.839717546081	Antibody1	Singlet	Antibody1
4361	20702	SeuratProject	Antibody2	Antibody5	0.743176060527718	Antibody2	Singlet	Antibody2
2939	8343	SeuratProject	Antibody1	Antibody2	2.85526154814148	Antibody1	Singlet	Antibody1
3932	15022	SeuratProject	Antibody1	Antibody5	2.66102818453356	Antibody1	Singlet	Antibody1
5752	34911	SeuratProject	Antibody2	Antibody5	1.47629500369978	Antibody2	Singlet	Antibody2
5933	37886	SeuratProject	Antibody5	Antibody1	0.357508114818393	Antibody5	Singlet	Antibody5
8323	74437	SeuratProject	Antibody2	Antibody5	1.88520029149365	Antibody2	Singlet	Antibody2
3808	18718	SeuratProject	Antibody5	Antibody1	3.74027389187744	Antibody5	Singlet	Antibody5
3947	21130	SeuratProject	Antibody1	Antibody5	3.68909246484955	Antibody1	Singlet	Antibody1
6077	37291	SeuratProject	Antibody1	Antibody2	0.498762427682198	Antibody1	Singlet	Antibody1
4063	18335	SeuratProject	Antibody2	Antibody1	0.715615356285307	Antibody2	Singlet	Antibody2
3487	13498	SeuratProject	Antibody2	Antibody1	0.98003144562237	Antibody2	Singlet	Antibody2
4436	18186	SeuratProject	Antibody2	Antibody1	1.24817374079394	Antibody2	Singlet	Antibody2
3547	9675	SeuratProject	Antibody2	Antibody5	0.869516298891284	Antibody2	Singlet	Antibody2
2437	7751	SeuratProject	Antibody5	Antibody1	4.46748965219427	Antibody5	Singlet	Antibody5
2193	8881	SeuratProject	Antibody1	Antibody5	2.61986138723018	Antibody1	Singlet	Antibody1
3140	14588	SeuratProject	Antibody1	Antibody5	2.53875930282251	Antibody1	Singlet	Antibody1
2568	7564	SeuratProject	Antibody1	Antibody2	1.67208783291658	Antibody1	Singlet	Antibody1
5763	33801	SeuratProject	Antibody2	Antibody1	1.79820918586166	Antibody2	Singlet	Antibody2
5541	29165	SeuratProject	Antibody2	Antibody5	1.25971838798301	Antibody2	Singlet	Antibody2
4639	20167	SeuratProject	Antibody2	Antibody5	1.17459727630387	Antibody2	Singlet	Antibody2
2868	10298	SeuratProject	Antibody1	Antibody2	1.22469997886549	Antibody1	Singlet	Antibody1
3890	17031	SeuratProject	Antibody2	Antibody1	0.0392172716117425	Antibody2	Singlet	Antibody2
5649	28142	SeuratProject	Antibody2	Antibody5	1.01144776082507	Antibody2	Singlet	Antibody2
6436	48877	SeuratProject	Antibody5	Antibody1	4.90789152580668	Antibody5	Singlet	Antibody5
5049	21533	SeuratProject	Antibody1	Antibody5	3.08626443537514	Antibody1	Singlet	Antibody1
4607	21188	SeuratProject	Antibody2	Antibody5	0.73847580173759	Antibody2	Singlet	Antibody2
4135	21176	SeuratProject	Antibody1	Antibody5	3.30514138008302	Antibody1	Singlet	Antibody1
3425	13545	SeuratProject	Antibody1	Antibody5	2.29315083680298	Antibody1	Singlet	Antibody1
3092	9591	SeuratProject	Antibody2	Antibody1	0.722400589713414	Antibody2	Singlet	Antibody2
3858	15703	SeuratProject	Antibody2	Antibody1	0.981842952126503	Antibody2	Singlet	Antibody2
5599	30536	SeuratProject	Antibody2	Antibody5	1.07759400103065	Antibody2	Singlet	Antibody2
2620	7964	SeuratProject	Antibody1	Antibody5	2.07153892470325	Antibody1	Singlet	Antibody1
3342	10732	SeuratProject	Antibody5	Antibody1	3.90607132618831	Antibody5	Singlet	Antibody5
2688	9750	SeuratProject	Antibody1	Antibody5	3.49835905735151	Antibody1	Singlet	Antibody1
3584	16852	SeuratProject	Antibody5	Antibody2	2.24491559516729	Antibody5	Singlet	Antibody5
1910	7134	SeuratProject	Antibody5	Antibody1	2.58109854930745	Antibody5	Singlet	Antibody5
7263	54743	SeuratProject	Antibody2	Antibody1	1.45034565524687	Antibody2	Singlet	Antibody2
6879	50031	SeuratProject	Antibody5	Antibody1	4.47132896650301	Antibody5	Singlet	Antibody5
3247	11109	SeuratProject	Antibody2	Antibody1	0.960568759523242	Antibody2	Singlet	Antibody2
1995	8326	SeuratProject	Antibody1	Antibody5	2.51157159726299	Antibody1	Singlet	Antibody1
2540	8112	SeuratProject	Antibody1	Antibody5	2.78179650665116	Antibody1	Singlet	Antibody1
6330	41146	SeuratProject	Antibody5	Antibody1	4.06569544131115	Antibody5	Singlet	Antibody5
3965	15814	SeuratProject	Antibody2	Antibody1	0.987673790595126	Antibody2	Singlet	Antibody2
3415	12518	SeuratProject	Antibody5	Antibody1	0.361000535376238	Antibody5	Singlet	Antibody5
3712	14979	SeuratProject	Antibody2	Antibody1	0.943389044789469	Antibody2	Singlet	Antibody2
3293	9990	SeuratProject	Antibody1	Antibody5	2.89752561779965	Antibody1	Singlet	Antibody1
3431	12773	SeuratProject	Antibody2	Antibody1	0.925634987632785	Antibody2	Singlet	Antibody2
7488	58741	SeuratProject	Antibody2	Antibody5	1.97415793319101	Antibody2	Singlet	Antibody2
5951	24302	SeuratProject	Antibody2	Antibody5	2.70423071039271	Antibody2	Singlet	Antibody2
5683	50603	SeuratProject	Antibody5	Antibody1	4.64977639295308	Antibody5	Singlet	Antibody5
4478	20730	SeuratProject	Antibody1	Antibody2	3.03588588148875	Antibody1	Singlet	Antibody1
2601	12059	SeuratProject	Antibody5	Antibody1	2.33853486878185	Antibody5	Singlet	Antibody5
2952	9642	SeuratProject	Antibody2	Antibody5	1.05824777611698	Antibody2	Singlet	Antibody2
3977	13465	SeuratProject	Antibody2	Antibody5	1.37723825503188	Antibody2	Singlet	Antibody2
4976	26000	SeuratProject	Antibody2	Antibody5	1.24135433999306	Antibody2	Singlet	Antibody2
2812	10322	SeuratProject	Antibody1	Antibody5	3.17266774387846	Antibody1	Singlet	Antibody1
5063	29813	SeuratProject	Antibody5	Antibody1	3.26082428114983	Antibody5	Singlet	Antibody5
6174	39786	SeuratProject	Antibody2	Antibody5	1.12448001126427	Antibody2	Singlet	Antibody2
6345	34083	SeuratProject	Antibody2	Antibody5	1.43752723968242	Antibody2	Singlet	Antibody2
3360	12143	SeuratProject	Antibody1	Antibody5	2.7068540540039	Antibody1	Singlet	Antibody1
8486	75985	SeuratProject	Antibody2	Antibody5	1.79765945664743	Antibody2	Singlet	Antibody2
2963	11528	SeuratProject	Antibody1	Antibody5	1.8439745543841	Antibody1	Singlet	Antibody1
4303	11104	SeuratProject	Antibody1	Antibody2	0.514372508211551	Antibody1	Singlet	Antibody1
5468	33632	SeuratProject	Antibody2	Antibody1	1.21161402720083	Antibody2	Singlet	Antibody2
5249	25088	SeuratProject	Antibody2	Antibody5	0.809001730921837	Antibody2	Singlet	Antibody2
2349	7342	SeuratProject	Antibody1	Antibody5	0.929333656185557	Antibody1	Singlet	Antibody1
3941	17214	SeuratProject	Antibody1	Antibody5	3.80559494285405	Antibody1	Singlet	Antibody1
4702	25009	SeuratProject	Antibody2	Antibody5	1.55495848790946	Antibody2	Singlet	Antibody2
5236	26238	SeuratProject	Antibody2	Antibody5	0.902543650539318	Antibody2	Singlet	Antibody2
3896	17991	SeuratProject	Antibody1	Antibody5	3.26505367147444	Antibody1	Singlet	Antibody1
5223	35394	SeuratProject	Antibody2	Antibody5	0.952985474967972	Antibody2	Singlet	Antibody2
2794	9680	SeuratProject	Antibody1	Antibody5	2.5849373915497	Antibody1	Singlet	Antibody1
6116	43106	SeuratProject	Antibody2	Antibody5	1.22119358566469	Antibody2	Singlet	Antibody2
2974	12297	SeuratProject	Antibody5	Antibody2	2.44097609191613	Antibody5	Singlet	Antibody5
4581	20647	SeuratProject	Antibody2	Antibody1	0.86348753927827	Antibody2	Singlet	Antibody2
3449	20698	SeuratProject	Antibody1	Antibody5	3.57087362031427	Antibody1	Singlet	Antibody1
3716	15650	SeuratProject	Antibody1	Antibody5	2.46720827563035	Antibody1	Singlet	Antibody1
6876	42762	SeuratProject	Antibody2	Antibody5	1.67265935565898	Antibody2	Singlet	Antibody2
4512	17612	SeuratProject	Antibody2	Antibody1	0.947027442294166	Antibody2	Singlet	Antibody2
2414	8420	SeuratProject	Antibody1	Antibody2	1.55202193784213	Antibody1	Singlet	Antibody1
2361	7777	SeuratProject	Antibody5	Antibody1	3.06535631973332	Antibody5	Singlet	Antibody5
3086	9230	SeuratProject	Antibody2	Antibody5	0.769873484531238	Antibody2	Singlet	Antibody2
4071	18267	SeuratProject	Antibody2	Antibody5	0.790553511027666	Antibody2	Singlet	Antibody2
5933	37084	SeuratProject	Antibody2	Antibody5	0.761606919079131	Antibody2	Singlet	Antibody2
2189	7801	SeuratProject	Antibody5	Antibody1	1.54473741444339	Antibody5	Singlet	Antibody5
7202	46393	SeuratProject	Antibody2	Antibody5	1.88625631692733	Antibody2	Singlet	Antibody2
4227	16586	SeuratProject	Antibody2	Antibody5	1.19753139708451	Antibody2	Singlet	Antibody2
5587	31365	SeuratProject	Antibody5	Antibody2	1.79829248084121	Antibody5	Singlet	Antibody5
7271	54745	SeuratProject	Antibody2	Antibody5	1.29831192958701	Antibody2	Singlet	Antibody2
2863	8889	SeuratProject	Antibody2	Antibody1	0.946623925604161	Antibody2	Singlet	Antibody2
2906	9917	SeuratProject	Antibody1	Antibody2	0.540144098618458	Antibody1	Singlet	Antibody1
2200	7628	SeuratProject	Antibody5	Antibody1	2.0711662112657	Antibody5	Singlet	Antibody5
7472	57131	SeuratProject	Antibody1	Antibody5	3.77156534471437	Antibody1	Singlet	Antibody1
4988	21884	SeuratProject	Antibody2	Antibody5	1.19944856893045	Antibody2	Singlet	Antibody2
3131	14071	SeuratProject	Antibody1	Antibody5	3.50389611590561	Antibody1	Singlet	Antibody1
7279	53761	SeuratProject	Antibody2	Antibody5	1.38241949663145	Antibody2	Singlet	Antibody2
2813	10894	SeuratProject	Antibody5	Antibody1	3.20999408306632	Antibody5	Singlet	Antibody5
4085	18786	SeuratProject	Antibody2	Antibody5	0.787706779947933	Antibody2	Singlet	Antibody2
7956	65219	SeuratProject	Antibody2	Antibody5	2.44355482527451	Antibody2	Singlet	Antibody2
4082	14863	SeuratProject	Antibody1	Antibody5	2.59169968182519	Antibody1	Singlet	Antibody1
6635	39027	SeuratProject	Antibody2	Antibody1	0.988940942239784	Antibody2	Singlet	Antibody2
8693	89404	SeuratProject	Antibody2	Antibody5	2.12390564506211	Antibody2	Singlet	Antibody2
5279	26802	SeuratProject	Antibody5	Antibody1	3.56341043484117	Antibody5	Singlet	Antibody5
5682	34222	SeuratProject	Antibody2	Antibody5	1.04971927416808	Antibody2	Singlet	Antibody2
6043	36939	SeuratProject	Antibody2	Antibody5	1.11785086685426	Antibody2	Singlet	Antibody2
3075	9858	SeuratProject	Antibody2	Antibody5	0.861920069394775	Antibody2	Singlet	Antibody2
4841	24741	SeuratProject	Antibody1	Antibody5	3.2745914865567	Antibody1	Singlet	Antibody1
2861	8324	SeuratProject	Antibody5	Antibody2	0.92606653897519	Antibody5	Singlet	Antibody5
2264	8652	SeuratProject	Antibody1	Antibody5	2.54790287004545	Antibody1	Singlet	Antibody1
6300	37774	SeuratProject	Antibody2	Antibody5	1.06918123596005	Antibody2	Singlet	Antibody2
2791	9721	SeuratProject	Antibody1	Antibody5	2.58139803786092	Antibody1	Singlet	Antibody1
2946	9599	SeuratProject	Antibody5	Antibody2	1.12105349346971	Antibody5	Singlet	Antibody5
6702	50108	SeuratProject	Antibody5	Antibody2	3.17210690289293	Antibody5	Singlet	Antibody5
6032	30259	SeuratProject	Antibody2	Antibody5	0.988737800943878	Antibody2	Singlet	Antibody2
3518	8989	SeuratProject	Antibody2	Antibody5	0.955791098819041	Antibody2	Singlet	Antibody2
2481	7076	SeuratProject	Antibody5	Antibody1	2.21983636316911	Antibody5	Singlet	Antibody5
2127	7411	SeuratProject	Antibody5	Antibody1	2.59273506547951	Antibody5	Singlet	Antibody5
8603	103800	SeuratProject	Antibody2	Antibody5	2.19600306167266	Antibody2	Singlet	Antibody2
8441	92416	SeuratProject	Antibody2	Antibody1	2.26452519019509	Antibody2	Singlet	Antibody2
3327	15682	SeuratProject	Antibody1	Antibody5	2.39120885127106	Antibody1	Singlet	Antibody1
3972	17872	SeuratProject	Antibody5	Antibody2	1.23210274700903	Antibody5	Singlet	Antibody5
3324	10121	SeuratProject	Antibody5	Antibody2	2.66270351022548	Antibody5	Singlet	Antibody5
2415	8632	SeuratProject	Antibody1	Antibody5	3.22660334455769	Antibody1	Singlet	Antibody1
7216	50463	SeuratProject	Antibody2	Antibody5	1.8825143865438	Antibody2	Singlet	Antibody2
4890	26538	SeuratProject	Antibody2	Antibody1	1.0978963440229	Antibody2	Singlet	Antibody2
4293	16549	SeuratProject	Antibody2	Antibody5	0.790957239000506	Antibody2	Singlet	Antibody2
3417	10438	SeuratProject	Antibody1	Antibody5	2.72501224277264	Antibody1	Singlet	Antibody1
3544	12886	SeuratProject	Antibody5	Antibody2	1.62331755161908	Antibody5	Singlet	Antibody5
3667	14810	SeuratProject	Antibody2	Antibody5	0.612171089430807	Antibody2	Singlet	Antibody2
3121	13123	SeuratProject	Antibody1	Antibody2	0.457655299007857	Antibody1	Singlet	Antibody1
3867	16447	SeuratProject	Antibody1	Antibody5	2.79036732728732	Antibody1	Singlet	Antibody1
5410	20079	SeuratProject	Antibody2	Antibody1	0.602813563611067	Antibody2	Singlet	Antibody2
2746	10764	SeuratProject	Antibody5	Antibody1	2.65501959233857	Antibody5	Singlet	Antibody5
2410	7140	SeuratProject	Antibody1	Antibody5	3.58998284167087	Antibody1	Singlet	Antibody1
3370	12737	SeuratProject	Antibody1	Antibody5	2.06291472346157	Antibody1	Singlet	Antibody1
3794	14642	SeuratProject	Antibody5	Antibody1	2.30988222745547	Antibody5	Singlet	Antibody5
2769	10884	SeuratProject	Antibody5	Antibody1	1.91562551063049	Antibody5	Singlet	Antibody5
7488	64363	SeuratProject	Antibody2	Antibody5	1.33511655574646	Antibody2	Singlet	Antibody2
3346	17263	SeuratProject	Antibody1	Antibody5	2.65973108212869	Antibody1	Singlet	Antibody1
4111	20575	SeuratProject	Antibody2	Antibody5	0.719047070422962	Antibody2	Singlet	Antibody2
2794	13377	SeuratProject	Antibody1	Antibody5	2.48723480140148	Antibody1	Singlet	Antibody1
4930	18305	SeuratProject	Antibody2	Antibody5	0.72283678180277	Antibody2	Singlet	Antibody2
3890	14922	SeuratProject	Antibody2	Antibody5	1.01491724356903	Antibody2	Singlet	Antibody2
4649	19053	SeuratProject	Antibody1	Antibody5	3.25168486839635	Antibody1	Singlet	Antibody1
4420	18656	SeuratProject	Antibody2	Antibody5	1.1245800619875	Antibody2	Singlet	Antibody2
3703	14105	SeuratProject	Antibody1	Antibody5	2.01842221218863	Antibody1	Singlet	Antibody1
5317	31207	SeuratProject	Antibody2	Antibody5	1.34383849096122	Antibody2	Singlet	Antibody2
3705	17048	SeuratProject	Antibody1	Antibody5	2.81344945118645	Antibody1	Singlet	Antibody1
5072	28769	SeuratProject	Antibody2	Antibody5	1.70174362850109	Antibody2	Singlet	Antibody2
7591	67670	SeuratProject	Antibody2	Antibody5	2.00820273860035	Antibody2	Singlet	Antibody2
4537	19429	SeuratProject	Antibody2	Antibody5	0.617187544707773	Antibody2	Singlet	Antibody2
5534	28717	SeuratProject	Antibody2	Antibody5	0.686488137811287	Antibody2	Singlet	Antibody2
6412	37239	SeuratProject	Antibody2	Antibody5	1.29310537606297	Antibody2	Singlet	Antibody2
4578	21781	SeuratProject	Antibody2	Antibody1	0.980167599661523	Antibody2	Singlet	Antibody2
2294	9618	SeuratProject	Antibody1	Antibody5	3.44064679995307	Antibody1	Singlet	Antibody1
2602	8024	SeuratProject	Antibody1	Antibody5	1.70381955361196	Antibody1	Singlet	Antibody1
4115	14326	SeuratProject	Antibody2	Antibody5	0.779768511834111	Antibody2	Singlet	Antibody2
3658	16685	SeuratProject	Antibody2	Antibody5	1.13154854344592	Antibody2	Singlet	Antibody2
4369	22505	SeuratProject	Antibody1	Antibody5	3.4880311708689	Antibody1	Singlet	Antibody1
4499	20377	SeuratProject	Antibody1	Antibody5	1.4634023267246	Antibody1	Singlet	Antibody1
2785	12715	SeuratProject	Antibody5	Antibody2	2.53202821423336	Antibody5	Singlet	Antibody5
5631	33193	SeuratProject	Antibody2	Antibody5	1.64375569953996	Antibody2	Singlet	Antibody2
6029	37235	SeuratProject	Antibody2	Antibody5	1.27441150852503	Antibody2	Singlet	Antibody2
7891	76463	SeuratProject	Antibody2	Antibody5	1.65079038873939	Antibody2	Singlet	Antibody2
4347	14204	SeuratProject	Antibody2	Antibody1	1.40571086900882	Antibody2	Singlet	Antibody2
4776	22272	SeuratProject	Antibody5	Antibody2	3.1699379231645	Antibody5	Singlet	Antibody5
4484	23870	SeuratProject	Antibody2	Antibody5	0.784902244148087	Antibody2	Singlet	Antibody2
1928	8594	SeuratProject	Antibody5	Antibody1	3.63426498037702	Antibody5	Singlet	Antibody5
3462	16246	SeuratProject	Antibody1	Antibody5	3.07911421791494	Antibody1	Singlet	Antibody1
3076	12442	SeuratProject	Antibody1	Antibody5	3.43342263985461	Antibody1	Singlet	Antibody1
3142	13445	SeuratProject	Antibody5	Antibody1	2.95666865132498	Antibody5	Singlet	Antibody5
2058	7327	SeuratProject	Antibody1	Antibody5	2.83014105652187	Antibody1	Singlet	Antibody1
4205	17777	SeuratProject	Antibody2	Antibody1	0.809558399439765	Antibody2	Singlet	Antibody2
2797	12346	SeuratProject	Antibody5	Antibody1	3.05185872379226	Antibody5	Singlet	Antibody5
3073	8524	SeuratProject	Antibody2	Antibody5	0.923206611364088	Antibody2	Singlet	Antibody2
4694	21926	SeuratProject	Antibody2	Antibody5	1.04196478491531	Antibody2	Singlet	Antibody2
6407	55923	SeuratProject	Antibody5	Antibody1	4.89947789504899	Antibody5	Singlet	Antibody5
2289	10194	SeuratProject	Antibody2	Antibody5	0.747598226085314	Antibody2	Singlet	Antibody2
4088	24070	SeuratProject	Antibody2	Antibody5	1.29030016383651	Antibody2	Singlet	Antibody2
4284	17594	SeuratProject	Antibody2	Antibody5	0.870856552371724	Antibody2	Singlet	Antibody2
5065	18214	SeuratProject	Antibody2	Antibody5	1.05682611101146	Antibody2	Singlet	Antibody2
5331	27656	SeuratProject	Antibody5	Antibody1	4.05782795605365	Antibody5	Singlet	Antibody5
6245	41135	SeuratProject	Antibody2	Antibody1	0.692012730902253	Antibody2	Singlet	Antibody2
3579	13596	SeuratProject	Antibody2	Antibody1	0.644867457728811	Antibody2	Singlet	Antibody2
5095	24901	SeuratProject	Antibody2	Antibody5	0.733225379231735	Antibody2	Singlet	Antibody2
3395	10735	SeuratProject	Antibody1	Antibody2	0.89192868708677	Antibody1	Singlet	Antibody1
3541	13495	SeuratProject	Antibody1	Antibody2	0.428138686904878	Antibody1	Singlet	Antibody1
5926	35029	SeuratProject	Antibody2	Antibody1	1.30144169589345	Antibody2	Singlet	Antibody2
1958	8388	SeuratProject	Antibody1	Antibody5	2.28857498513252	Antibody1	Singlet	Antibody1
4555	18160	SeuratProject	Antibody5	Antibody1	3.69937360724144	Antibody5	Singlet	Antibody5
2626	7857	SeuratProject	Antibody1	Antibody5	1.94350313519025	Antibody1	Singlet	Antibody1
4338	20784	SeuratProject	Antibody5	Antibody1	1.623552573988	Antibody5	Singlet	Antibody5
5090	24091	SeuratProject	Antibody2	Antibody5	1.24044114602742	Antibody2	Singlet	Antibody2
5746	38130	SeuratProject	Antibody2	Antibody5	1.416176370951	Antibody2	Singlet	Antibody2
3592	14979	SeuratProject	Antibody1	Antibody2	0.254008811299026	Antibody1	Singlet	Antibody1
3113	13452	SeuratProject	Antibody5	Antibody2	3.70131015417367	Antibody5	Singlet	Antibody5
3854	18234	SeuratProject	Antibody5	Antibody2	0.772384673057951	Antibody5	Singlet	Antibody5
4535	26967	SeuratProject	Antibody5	Antibody1	3.10145104051925	Antibody5	Singlet	Antibody5
4115	21238	SeuratProject	Antibody2	Antibody1	0.802852300837913	Antibody2	Singlet	Antibody2
4064	16714	SeuratProject	Antibody2	Antibody1	1.30461697499538	Antibody2	Singlet	Antibody2
7192	51679	SeuratProject	Antibody2	Antibody1	1.16784148735832	Antibody2	Singlet	Antibody2
4257	17039	SeuratProject	Antibody2	Antibody5	1.13375255606286	Antibody2	Singlet	Antibody2
6501	37307	SeuratProject	Antibody2	Antibody5	1.54755384846612	Antibody2	Singlet	Antibody2
2681	7639	SeuratProject	Antibody5	Antibody2	0.403722659086976	Antibody5	Singlet	Antibody5
2267	8822	SeuratProject	Antibody5	Antibody1	2.20289001465353	Antibody5	Singlet	Antibody5
4951	18497	SeuratProject	Antibody2	Antibody5	1.57726778945736	Antibody2	Singlet	Antibody2
7336	65067	SeuratProject	Antibody2	Antibody5	1.71471995431868	Antibody2	Singlet	Antibody2
3186	10864	SeuratProject	Antibody1	Antibody2	1.94628975301075	Antibody1	Singlet	Antibody1
3553	13344	SeuratProject	Antibody2	Antibody5	1.0321842569691	Antibody2	Singlet	Antibody2
4568	18367	SeuratProject	Antibody1	Antibody5	2.35967819453705	Antibody1	Singlet	Antibody1
3852	14243	SeuratProject	Antibody5	Antibody2	0.0655600691426268	Antibody5	Singlet	Antibody5
2881	11071	SeuratProject	Antibody2	Antibody1	1.23402694043528	Antibody2	Singlet	Antibody2
7502	55322	SeuratProject	Antibody2	Antibody1	1.58121299561466	Antibody2	Singlet	Antibody2
5410	25113	SeuratProject	Antibody2	Antibody5	0.635282817752982	Antibody2	Singlet	Antibody2
5305	33605	SeuratProject	Antibody2	Antibody5	1.32403933032231	Antibody2	Singlet	Antibody2
3132	9664	SeuratProject	Antibody1	Antibody5	3.75673707934129	Antibody1	Singlet	Antibody1
3090	12999	SeuratProject	Antibody2	Antibody1	0.524568318289113	Antibody2	Singlet	Antibody2
6962	47842	SeuratProject	Antibody2	Antibody5	1.32717640849514	Antibody2	Singlet	Antibody2
8901	94552	SeuratProject	Antibody2	Antibody5	2.05863342647828	Antibody2	Singlet	Antibody2
2985	13046	SeuratProject	Antibody1	Antibody5	3.18920697287835	Antibody1	Singlet	Antibody1
4379	16050	SeuratProject	Antibody5	Antibody1	3.96980910255336	Antibody5	Singlet	Antibody5
7346	54730	SeuratProject	Antibody2	Antibody5	1.14591559347236	Antibody2	Singlet	Antibody2
3013	12021	SeuratProject	Antibody1	Antibody5	2.17518837351303	Antibody1	Singlet	Antibody1
3554	12797	SeuratProject	Antibody2	Antibody1	0.924712711859012	Antibody2	Singlet	Antibody2
1950	8179	SeuratProject	Antibody5	Antibody1	3.04857917216233	Antibody5	Singlet	Antibody5
3573	11793	SeuratProject	Antibody2	Antibody5	0.31461793569469	Antibody2	Singlet	Antibody2
5384	32121	SeuratProject	Antibody2	Antibody1	1.08787870379857	Antibody2	Singlet	Antibody2
4807	26396	SeuratProject	Antibody2	Antibody5	0.872210012164445	Antibody2	Singlet	Antibody2
1961	7003	SeuratProject	Antibody5	Antibody1	1.40752958831478	Antibody5	Singlet	Antibody5
3418	14236	SeuratProject	Antibody1	Antibody5	2.63673937395133	Antibody1	Singlet	Antibody1
4883	26273	SeuratProject	Antibody2	Antibody5	0.4336553131599	Antibody2	Singlet	Antibody2
2932	9739	SeuratProject	Antibody1	Antibody5	1.63633074452326	Antibody1	Singlet	Antibody1
2945	11665	SeuratProject	Antibody1	Antibody5	2.40011365276608	Antibody1	Singlet	Antibody1
4186	17961	SeuratProject	Antibody1	Antibody2	2.78036557540759	Antibody1	Singlet	Antibody1
3396	15293	SeuratProject	Antibody2	Antibody1	0.676347839098016	Antibody2	Singlet	Antibody2
5382	29253	SeuratProject	Antibody2	Antibody1	0.948436072257178	Antibody2	Singlet	Antibody2
3362	11769	SeuratProject	Antibody1	Antibody5	0.195004593323479	Antibody1	Singlet	Antibody1
6154	20088	SeuratProject	Antibody2	Antibody1	0.988182820979594	Antibody2	Singlet	Antibody2
4002	17630	SeuratProject	Antibody2	Antibody5	0.839621585303616	Antibody2	Singlet	Antibody2
6245	36843	SeuratProject	Antibody2	Antibody5	1.00875740311555	Antibody2	Singlet	Antibody2
3963	17512	SeuratProject	Antibody1	Antibody5	1.07810972806957	Antibody1	Singlet	Antibody1
3986	13236	SeuratProject	Antibody5	Antibody1	2.2521256990904	Antibody5	Singlet	Antibody5
6751	48419	SeuratProject	Antibody2	Antibody1	1.14796234109672	Antibody2	Singlet	Antibody2
5035	26777	SeuratProject	Antibody2	Antibody1	0.922647512276269	Antibody2	Singlet	Antibody2
3074	9109	SeuratProject	Antibody1	Antibody5	2.35568304759571	Antibody1	Singlet	Antibody1
3103	11623	SeuratProject	Antibody1	Antibody5	3.70545664109882	Antibody1	Singlet	Antibody1
5151	32464	SeuratProject	Antibody5	Antibody1	5.12191072066419	Antibody5	Singlet	Antibody5
2285	7792	SeuratProject	Antibody2	Antibody1	1.22599995812261	Antibody2	Singlet	Antibody2
3244	11683	SeuratProject	Antibody1	Antibody2	0.724298881330593	Antibody1	Singlet	Antibody1
7053	51573	SeuratProject	Antibody2	Antibody5	1.8171249209362	Antibody2	Singlet	Antibody2
6174	34842	SeuratProject	Antibody2	Antibody5	0.912872376641484	Antibody2	Singlet	Antibody2
4229	12497	SeuratProject	Antibody2	Antibody1	0.881940848455376	Antibody2	Singlet	Antibody2
3017	11343	SeuratProject	Antibody1	Antibody5	2.29545474564576	Antibody1	Singlet	Antibody1
4250	21508	SeuratProject	Antibody1	Antibody2	0.26383648709984	Antibody1	Singlet	Antibody1
3044	12036	SeuratProject	Antibody5	Antibody1	3.43344827964979	Antibody5	Singlet	Antibody5
3503	12015	SeuratProject	Antibody1	Antibody5	3.40792051280935	Antibody1	Singlet	Antibody1
2169	7489	SeuratProject	Antibody5	Antibody1	1.52299783614806	Antibody5	Singlet	Antibody5
2474	9415	SeuratProject	Antibody1	Antibody5	2.87212417769767	Antibody1	Singlet	Antibody1
4030	17281	SeuratProject	Antibody2	Antibody5	0.987846222228858	Antibody2	Singlet	Antibody2
4375	25640	SeuratProject	Antibody2	Antibody5	0.565864477428899	Antibody2	Singlet	Antibody2
3596	14114	SeuratProject	Antibody2	Antibody1	0.269567902704042	Antibody2	Singlet	Antibody2
3829	10014	SeuratProject	Antibody1	Antibody5	1.84852546441438	Antibody1	Singlet	Antibody1
4970	24126	SeuratProject	Antibody1	Antibody5	3.06076225545561	Antibody1	Singlet	Antibody1
6696	39868	SeuratProject	Antibody2	Antibody5	1.00868543604388	Antibody2	Singlet	Antibody2
4939	26448	SeuratProject	Antibody2	Antibody5	0.8718889655	Antibody2	Singlet	Antibody2
4401	17521	SeuratProject	Antibody2	Antibody5	1.28455578902704	Antibody2	Singlet	Antibody2
5017	24907	SeuratProject	Antibody2	Antibody5	1.29318860373251	Antibody2	Singlet	Antibody2
3020	12174	SeuratProject	Antibody1	Antibody2	2.61594566796435	Antibody1	Singlet	Antibody1
6733	47409	SeuratProject	Antibody2	Antibody5	1.12542464063502	Antibody2	Singlet	Antibody2
8383	75686	SeuratProject	Antibody2	Antibody5	1.40875509130826	Antibody2	Singlet	Antibody2
5236	24598	SeuratProject	Antibody2	Antibody5	1.26168990869318	Antibody2	Singlet	Antibody2
2712	9953	SeuratProject	Antibody1	Antibody5	2.18763818514754	Antibody1	Singlet	Antibody1
6149	32037	SeuratProject	Antibody2	Antibody1	0.883826229918923	Antibody2	Singlet	Antibody2
5921	38605	SeuratProject	Antibody1	Antibody5	3.66602126642043	Antibody1	Singlet	Antibody1
4281	19386	SeuratProject	Antibody2	Antibody1	0.99567434031316	Antibody2	Singlet	Antibody2
5194	30273	SeuratProject	Antibody1	Antibody5	3.65720191705287	Antibody1	Singlet	Antibody1
4086	15568	SeuratProject	Antibody2	Antibody5	0.791038411364137	Antibody2	Singlet	Antibody2
8313	78491	SeuratProject	Antibody2	Antibody5	1.0816084919649	Antibody2	Singlet	Antibody2
7172	48152	SeuratProject	Antibody2	Antibody5	1.28524058475453	Antibody2	Singlet	Antibody2
2913	11332	SeuratProject	Antibody5	Antibody1	1.18188315057209	Antibody5	Singlet	Antibody5
4783	28114	SeuratProject	Antibody5	Antibody1	4.53977235572234	Antibody5	Singlet	Antibody5
3464	11029	SeuratProject	Antibody5	Antibody1	2.67179165065106	Antibody5	Singlet	Antibody5
3266	10857	SeuratProject	Antibody2	Antibody1	0.865245226816103	Antibody2	Singlet	Antibody2
5546	19988	SeuratProject	Antibody1	Antibody2	1.49979239710074	Antibody1	Singlet	Antibody1
3316	10350	SeuratProject	Antibody1	Antibody5	2.62222832212291	Antibody1	Singlet	Antibody1
4800	26664	SeuratProject	Antibody2	Antibody5	0.943986021172919	Antibody2	Singlet	Antibody2
7485	54484	SeuratProject	Antibody2	Antibody5	1.98231742980592	Antibody2	Singlet	Antibody2
6129	35507	SeuratProject	Antibody2	Antibody1	1.03367505857532	Antibody2	Singlet	Antibody2
3040	12710	SeuratProject	Antibody5	Antibody1	2.20258916812009	Antibody5	Singlet	Antibody5
2273	9208	SeuratProject	Antibody5	Antibody1	2.9429288398421	Antibody5	Singlet	Antibody5
2353	7354	SeuratProject	Antibody1	Antibody5	1.96979334029802	Antibody1	Singlet	Antibody1
5361	28719	SeuratProject	Antibody2	Antibody1	0.906891748162834	Antibody2	Singlet	Antibody2
5939	34474	SeuratProject	Antibody2	Antibody5	0.960924102753459	Antibody2	Singlet	Antibody2
2846	9399	SeuratProject	Antibody1	Antibody5	3.13200942377997	Antibody1	Singlet	Antibody1
5794	29270	SeuratProject	Antibody2	Antibody1	0.934925894617487	Antibody2	Singlet	Antibody2
4465	21108	SeuratProject	Antibody5	Antibody1	2.97154255062447	Antibody5	Singlet	Antibody5
5727	35507	SeuratProject	Antibody2	Antibody5	1.58700536847932	Antibody2	Singlet	Antibody2
4060	26013	SeuratProject	Antibody5	Antibody1	3.6493015134196	Antibody5	Singlet	Antibody5
2253	7952	SeuratProject	Antibody5	Antibody1	2.66791880947974	Antibody5	Singlet	Antibody5
3247	12774	SeuratProject	Antibody1	Antibody5	3.07188229616739	Antibody1	Singlet	Antibody1
6233	39655	SeuratProject	Antibody5	Antibody1	5.13666427777013	Antibody5	Singlet	Antibody5
2443	10523	SeuratProject	Antibody1	Antibody5	3.23291419447492	Antibody1	Singlet	Antibody1
2951	9148	SeuratProject	Antibody2	Antibody5	1.0144401190659	Antibody2	Singlet	Antibody2
2290	8073	SeuratProject	Antibody5	Antibody1	1.72908868713844	Antibody5	Singlet	Antibody5
